CAST                        ,,        9519554,WOD Unique Cast Number,WOD code,
NODC Cruise ID              ,,CA-13414       ,,,
Originators Station ID      ,,             38,,,integer,
Originators Cruise ID       ,,               ,,,
Latitude                    ,,        49.2417,decimal degrees,,
Longitude                   ,,       -66.2000,decimal degrees,,
Year                        ,,           1996,,,
Month                       ,,             11,,,
Day                         ,,             19,,,
Time                        ,,          23.43,decimal hours (UT),,
METADATA,
Country                     ,,             CA,NODC code,CANADA
Accession Number            ,,          2023.,NODC code,,
Platform                    ,,          7627.,OCL code,GEORGE R. PEARKES (CCGS;Light Icebreaker;call sign CGCX; built 1986;IMO8320444),
Bottom depth                ,,        185.000,meters,,
High resolution CTD - Bottle,,      11144356.,,,
Sea State                   ,,          2.000,WMO code 3700,SMOOTH-WAVELET 1/3-1 2/3 FT (.1-.5 METERS),
Wind Direction              ,,             5.,WMO code 0877,45 DEGREES - 54 DEGREES,
Wind speed                  ,,          8.000,knots,,
Air temperature (dry bulb)  ,,         -2.000,degrees Celsius,,
probe_type                  ,,             4.,OCL_code,CTD,
Instrument       ,Temperature,             4.,WOD code,CTD: TYPE UNKNOWN,
scale               ,Salinity,           202.,WOD code,Salinity: PSS78,
Instrument          ,Salinity,             4.,WOD code,CTD: TYPE UNKNOWN,
VARIABLES ,Depth     ,F,O,Temperatur ,F,O,Salinity   ,F,O,Chlorophyl ,F,O,Pressure   ,F,O,,
UNITS     ,m         , , ,degrees C ,, , ,PSS       ,, , ,ug/l      ,, , ,dbar      ,, , ,,
Prof-Flag ,          ,0, ,          ,0, ,          ,0, ,          ,0, ,          ,0, ,,
         1,       0.0,0, ,     2.696,0, ,    29.517,0, ,     2.478,0, ,        0.,0, ,
         2,       0.2,0, ,     2.696,0, ,    29.520,0, ,     2.478,0, ,       0.2,0, ,
         3,       0.3,0, ,     2.695,0, ,    29.520,0, ,     2.392,0, ,       0.3,0, ,
         4,       0.5,0, ,     2.696,0, ,    29.520,0, ,     2.584,0, ,       0.5,0, ,
         5,       0.6,0, ,     2.699,0, ,    29.519,0, ,     2.520,0, ,       0.6,0, ,
         6,       0.8,0, ,     2.697,0, ,    29.523,0, ,     2.435,0, ,       0.8,0, ,
         7,       1.0,0, ,     2.699,0, ,    29.524,0, ,     2.222,0, ,       1.0,0, ,
         8,       1.2,0, ,     2.695,0, ,    29.531,0, ,     2.392,0, ,       1.2,0, ,
         9,       1.4,0, ,     2.699,0, ,    29.536,0, ,     2.456,0, ,       1.4,0, ,
        10,       1.6,0, ,     2.702,0, ,    29.539,0, ,     2.414,0, ,       1.6,0, ,
        11,       1.8,0, ,     2.703,0, ,    29.542,0, ,     2.627,0, ,       1.8,0, ,
        12,       2.0,0, ,     2.705,0, ,    29.545,0, ,     2.371,0, ,       2.0,0, ,
        13,       2.2,0, ,     2.707,0, ,    29.551,0, ,     2.691,0, ,       2.2,0, ,
        14,       2.4,0, ,     2.706,0, ,    29.557,0, ,     2.286,0, ,       2.4,0, ,
        15,       2.6,0, ,     2.705,0, ,    29.562,0, ,     2.201,0, ,       2.6,0, ,
        16,       2.8,0, ,     2.710,0, ,    29.570,0, ,     2.350,0, ,       2.8,0, ,
        17,       3.0,0, ,     2.717,0, ,    29.587,0, ,     2.563,0, ,       3.0,0, ,
        18,       3.2,0, ,     2.722,0, ,    29.605,0, ,     2.584,0, ,       3.2,0, ,
        19,       3.4,0, ,     2.726,0, ,    29.615,0, ,     2.371,0, ,       3.4,0, ,
        20,       3.6,0, ,     2.726,0, ,    29.621,0, ,     2.627,0, ,       3.6,0, ,
        21,       3.8,0, ,     2.723,0, ,    29.624,0, ,     2.456,0, ,       3.8,0, ,
        22,       3.9,0, ,     2.723,0, ,    29.627,0, ,     2.542,0, ,       3.9,0, ,
        23,       4.1,0, ,     2.725,0, ,    29.633,0, ,     2.797,0, ,       4.1,0, ,
        24,       4.3,0, ,     2.724,0, ,    29.650,0, ,     2.435,0, ,       4.3,0, ,
        25,       4.5,0, ,     2.729,0, ,    29.674,0, ,     2.925,0, ,       4.5,0, ,
        26,       4.7,0, ,     2.744,0, ,    29.719,0, ,     3.202,0, ,       4.7,0, ,
        27,       4.9,0, ,     2.763,0, ,    29.788,0, ,     2.605,0, ,       4.9,0, ,
        28,       5.1,0, ,     2.810,0, ,    29.859,0, ,     2.499,0, ,       5.1,0, ,
        29,       5.3,0, ,     2.836,0, ,    29.987,0, ,     2.542,0, ,       5.3,0, ,
        30,       5.5,0, ,     2.884,0, ,    30.108,0, ,     3.245,0, ,       5.5,0, ,
        31,       5.7,0, ,     2.908,0, ,    30.215,0, ,     2.392,0, ,       5.7,0, ,
        32,       5.8,0, ,     2.913,0, ,    30.282,0, ,     2.925,0, ,       5.9,0, ,
        33,       6.0,0, ,     2.926,0, ,    30.311,0, ,     2.584,0, ,       6.1,0, ,
        34,       6.2,0, ,     2.940,0, ,    30.340,0, ,     2.265,0, ,       6.3,0, ,
        35,       6.4,0, ,     2.953,0, ,    30.366,0, ,     2.371,0, ,       6.5,0, ,
        36,       6.6,0, ,     2.960,0, ,    30.382,0, ,     2.797,0, ,       6.7,0, ,
        37,       6.8,0, ,     2.956,0, ,    30.397,0, ,     2.435,0, ,       6.9,0, ,
        38,       7.0,0, ,     2.952,0, ,    30.406,0, ,     2.329,0, ,       7.1,0, ,
        39,       7.2,0, ,     2.952,0, ,    30.411,0, ,     2.584,0, ,       7.3,0, ,
        40,       7.4,0, ,     2.954,0, ,    30.414,0, ,     3.181,0, ,       7.5,0, ,
        41,       7.6,0, ,     2.953,0, ,    30.420,0, ,     2.456,0, ,       7.7,0, ,
        42,       7.8,0, ,     2.955,0, ,    30.425,0, ,     2.286,0, ,       7.9,0, ,
        43,       8.0,0, ,     2.962,0, ,    30.428,0, ,     2.435,0, ,       8.1,0, ,
        44,       8.2,0, ,     2.975,0, ,    30.430,0, ,     2.222,0, ,       8.3,0, ,
        45,       8.4,0, ,     2.988,0, ,    30.429,0, ,     2.265,0, ,       8.5,0, ,
        46,       8.6,0, ,     2.994,0, ,    30.434,0, ,     1.988,0, ,       8.7,0, ,
        47,       8.7,0, ,     3.001,0, ,    30.433,0, ,     3.330,0, ,       8.8,0, ,
        48,       8.9,0, ,     3.003,0, ,    30.435,0, ,     2.286,0, ,       9.0,0, ,
        49,       9.1,0, ,     3.005,0, ,    30.439,0, ,     2.158,0, ,       9.2,0, ,
        50,       9.3,0, ,     3.007,0, ,    30.445,0, ,     2.115,0, ,       9.4,0, ,
        51,       9.5,0, ,     3.021,0, ,    30.450,0, ,     2.073,0, ,       9.6,0, ,
        52,       9.7,0, ,     3.040,0, ,    30.466,0, ,     2.243,0, ,       9.8,0, ,
        53,       9.9,0, ,     3.055,0, ,    30.499,0, ,     2.052,0, ,      10.0,0, ,
        54,      10.0,0, ,     3.064,0, ,    30.553,0, ,     2.137,0, ,      10.1,0, ,
        55,      10.2,0, ,     3.155,0, ,    30.565,0, ,     2.073,0, ,      10.3,0, ,
        56,      10.4,0, ,     3.313,0, ,    30.546,0, ,     2.158,0, ,      10.5,0, ,
        57,      10.6,0, ,     3.437,0, ,    30.565,0, ,     2.009,0, ,      10.7,0, ,
        58,      10.8,0, ,     3.532,0, ,    30.595,0, ,     1.988,0, ,      10.9,0, ,
        59,      11.0,0, ,     3.575,0, ,    30.645,0, ,     1.945,0, ,      11.1,0, ,
        60,      11.2,0, ,     3.609,0, ,    30.672,0, ,     1.988,0, ,      11.3,0, ,
        61,      11.4,0, ,     3.629,0, ,    30.691,0, ,     1.817,0, ,      11.5,0, ,
        62,      11.6,0, ,     3.633,0, ,    30.729,0, ,     2.009,0, ,      11.7,0, ,
        63,      11.7,0, ,     3.665,0, ,    30.746,0, ,     1.817,0, ,      11.8,0, ,
        64,      11.9,0, ,     3.700,0, ,    30.756,0, ,     1.817,0, ,      12.0,0, ,
        65,      12.1,0, ,     3.742,0, ,    30.764,0, ,     1.796,0, ,      12.2,0, ,
        66,      12.3,0, ,     3.799,0, ,    30.761,0, ,     1.817,0, ,      12.4,0, ,
        67,      12.5,0, ,     3.839,0, ,    30.776,0, ,     1.860,0, ,      12.6,0, ,
        68,      12.7,0, ,     3.898,0, ,    30.769,0, ,     1.753,0, ,      12.8,0, ,
        69,      12.9,0, ,     3.921,0, ,    30.781,0, ,     1.902,0, ,      13.0,0, ,
        70,      13.1,0, ,     3.939,0, ,    30.785,0, ,     2.158,0, ,      13.2,0, ,
        71,      13.3,0, ,     3.944,0, ,    30.795,0, ,     1.924,0, ,      13.4,0, ,
        72,      13.5,0, ,     3.941,0, ,    30.811,0, ,     1.860,0, ,      13.6,0, ,
        73,      13.6,0, ,     3.941,0, ,    30.826,0, ,     1.902,0, ,      13.7,0, ,
        74,      13.8,0, ,     3.944,0, ,    30.842,0, ,     1.732,0, ,      13.9,0, ,
        75,      14.0,0, ,     3.947,0, ,    30.859,0, ,     1.902,0, ,      14.1,0, ,
        76,      14.1,0, ,     3.968,0, ,    30.855,0, ,     1.796,0, ,      14.2,0, ,
        77,      14.3,0, ,     3.989,0, ,    30.851,0, ,     1.839,0, ,      14.4,0, ,
        78,      14.5,0, ,     4.010,0, ,    30.849,0, ,     1.817,0, ,      14.6,0, ,
        79,      14.6,0, ,     4.023,0, ,    30.854,0, ,     1.839,0, ,      14.7,0, ,
        80,      14.8,0, ,     4.036,0, ,    30.859,0, ,     1.796,0, ,      14.9,0, ,
        81,      15.1,0, ,     4.045,0, ,    30.868,0, ,     1.647,0, ,      15.2,0, ,
        82,      15.3,0, ,     4.060,0, ,    30.872,0, ,     1.583,0, ,      15.4,0, ,
        83,      15.4,0, ,     4.082,0, ,    30.868,0, ,     1.732,0, ,      15.5,0, ,
        84,      15.6,0, ,     4.099,0, ,    30.870,0, ,     2.030,0, ,      15.7,0, ,
        85,      15.8,0, ,     4.121,0, ,    30.872,0, ,     1.860,0, ,      15.9,0, ,
        86,      15.9,0, ,     4.150,0, ,    30.874,0, ,     1.668,0, ,      16.0,0, ,
        87,      16.1,0, ,     4.175,0, ,    30.882,0, ,     1.647,0, ,      16.2,0, ,
        88,      16.2,0, ,     4.197,0, ,    30.892,0, ,     1.625,0, ,      16.3,0, ,
        89,      16.4,0, ,     4.223,0, ,    30.893,0, ,     1.604,0, ,      16.5,0, ,
        90,      16.6,0, ,     4.237,0, ,    30.894,0, ,     1.732,0, ,      16.7,0, ,
        91,      16.8,0, ,     4.231,0, ,    30.905,0, ,     1.860,0, ,      16.9,0, ,
        92,      17.0,0, ,     4.223,0, ,    30.915,0, ,     1.540,0, ,      17.1,0, ,
        93,      17.3,0, ,     4.225,0, ,    30.917,0, ,     1.732,0, ,      17.4,0, ,
        94,      17.4,0, ,     4.222,0, ,    30.922,0, ,     1.562,0, ,      17.6,0, ,
        95,      17.6,0, ,     4.216,0, ,    30.926,0, ,     1.732,0, ,      17.8,0, ,
        96,      17.7,0, ,     4.210,0, ,    30.928,0, ,     1.689,0, ,      17.9,0, ,
        97,      17.9,0, ,     4.205,0, ,    30.932,0, ,     1.817,0, ,      18.1,0, ,
        98,      18.1,0, ,     4.202,0, ,    30.936,0, ,     1.860,0, ,      18.3,0, ,
        99,      18.3,0, ,     4.199,0, ,    30.939,0, ,     1.860,0, ,      18.5,0, ,
       100,      18.4,0, ,     4.198,0, ,    30.940,0, ,     1.647,0, ,      18.6,0, ,
       101,      18.6,0, ,     4.194,0, ,    30.943,0, ,     1.689,0, ,      18.8,0, ,
       102,      18.8,0, ,     4.189,0, ,    30.943,0, ,     1.540,0, ,      19.0,0, ,
       103,      19.1,0, ,     4.179,0, ,    30.944,0, ,     1.668,0, ,      19.3,0, ,
       104,      19.3,0, ,     4.155,0, ,    30.952,0, ,     1.711,0, ,      19.5,0, ,
       105,      19.5,0, ,     4.120,0, ,    30.969,0, ,     1.689,0, ,      19.7,0, ,
       106,      19.7,0, ,     4.092,0, ,    30.983,0, ,     1.434,0, ,      19.9,0, ,
       107,      19.9,0, ,     4.082,0, ,    30.986,0, ,     1.689,0, ,      20.1,0, ,
       108,      20.0,0, ,     4.054,0, ,    31.009,0, ,     1.498,0, ,      20.2,0, ,
       109,      20.2,0, ,     4.023,0, ,    31.036,0, ,     1.412,0, ,      20.4,0, ,
       110,      20.4,0, ,     4.013,0, ,    31.044,0, ,     1.412,0, ,      20.6,0, ,
       111,      20.5,0, ,     4.009,0, ,    31.047,0, ,     1.519,0, ,      20.7,0, ,
       112,      20.7,0, ,     3.990,0, ,    31.061,0, ,     1.455,0, ,      20.9,0, ,
       113,      20.9,0, ,     3.963,0, ,    31.081,0, ,     1.519,0, ,      21.1,0, ,
       114,      21.1,0, ,     3.926,0, ,    31.110,0, ,     1.540,0, ,      21.3,0, ,
       115,      21.3,0, ,     3.905,0, ,    31.127,0, ,     1.476,0, ,      21.5,0, ,
       116,      21.5,0, ,     3.904,0, ,    31.126,0, ,     1.455,0, ,      21.7,0, ,
       117,      21.7,0, ,     3.906,0, ,    31.122,0, ,     1.263,0, ,      21.9,0, ,
       118,      21.9,0, ,     3.902,0, ,    31.124,0, ,     1.476,0, ,      22.1,0, ,
       119,      22.1,0, ,     3.894,0, ,    31.131,0, ,     1.434,0, ,      22.3,0, ,
       120,      22.3,0, ,     3.879,0, ,    31.144,0, ,     1.412,0, ,      22.5,0, ,
       121,      22.4,0, ,     3.869,0, ,    31.149,0, ,     1.412,0, ,      22.6,0, ,
       122,      22.6,0, ,     3.864,0, ,    31.149,0, ,     1.391,0, ,      22.8,0, ,
       123,      22.8,0, ,     3.848,0, ,    31.159,0, ,     1.476,0, ,      23.0,0, ,
       124,      23.0,0, ,     3.826,0, ,    31.174,0, ,     1.370,0, ,      23.2,0, ,
       125,      23.2,0, ,     3.804,0, ,    31.189,0, ,     1.519,0, ,      23.4,0, ,
       126,      23.4,0, ,     3.773,0, ,    31.211,0, ,     1.434,0, ,      23.6,0, ,
       127,      23.6,0, ,     3.750,0, ,    31.224,0, ,     1.476,0, ,      23.8,0, ,
       128,      23.8,0, ,     3.734,0, ,    31.232,0, ,     1.540,0, ,      24.0,0, ,
       129,      24.0,0, ,     3.737,0, ,    31.226,0, ,     1.519,0, ,      24.2,0, ,
       130,      24.2,0, ,     3.730,0, ,    31.229,0, ,     1.455,0, ,      24.4,0, ,
       131,      24.4,0, ,     3.719,0, ,    31.237,0, ,     1.498,0, ,      24.6,0, ,
       132,      24.6,0, ,     3.707,0, ,    31.241,0, ,     1.519,0, ,      24.8,0, ,
       133,      24.7,0, ,     3.702,0, ,    31.239,0, ,     1.476,0, ,      24.9,0, ,
       134,      24.9,0, ,     3.686,0, ,    31.250,0, ,     1.540,0, ,      25.1,0, ,
       135,      25.1,0, ,     3.677,0, ,    31.255,0, ,     1.562,0, ,      25.3,0, ,
       136,      25.3,0, ,     3.666,0, ,    31.263,0, ,     1.583,0, ,      25.5,0, ,
       137,      25.5,0, ,     3.655,0, ,    31.271,0, ,     1.349,0, ,      25.7,0, ,
       138,      25.7,0, ,     3.649,0, ,    31.274,0, ,     1.370,0, ,      25.9,0, ,
       139,      26.0,0, ,     3.640,0, ,    31.282,0, ,     1.391,0, ,      26.2,0, ,
       140,      26.2,0, ,     3.633,0, ,    31.288,0, ,     1.391,0, ,      26.4,0, ,
       141,      26.4,0, ,     3.626,0, ,    31.293,0, ,     1.476,0, ,      26.6,0, ,
       142,      26.6,0, ,     3.623,0, ,    31.295,0, ,     1.349,0, ,      26.8,0, ,
       143,      26.7,0, ,     3.620,0, ,    31.296,0, ,     1.540,0, ,      26.9,0, ,
       144,      26.9,0, ,     3.612,0, ,    31.300,0, ,     1.476,0, ,      27.1,0, ,
       145,      27.1,0, ,     3.611,0, ,    31.292,0, ,     1.562,0, ,      27.3,0, ,
       146,      27.3,0, ,     3.605,0, ,    31.279,0, ,     1.540,0, ,      27.5,0, ,
       147,      27.5,0, ,     3.579,0, ,    31.266,0, ,     1.391,0, ,      27.7,0, ,
       148,      27.7,0, ,     3.462,0, ,    31.316,0, ,     1.668,0, ,      27.9,0, ,
       149,      27.9,0, ,     3.357,0, ,    31.343,0, ,     1.583,0, ,      28.1,0, ,
       150,      28.1,0, ,     3.265,0, ,    31.368,0, ,     1.540,0, ,      28.3,0, ,
       151,      28.4,0, ,     3.229,0, ,    31.360,0, ,     1.689,0, ,      28.6,0, ,
       152,      28.6,0, ,     3.221,0, ,    31.342,0, ,     1.753,0, ,      28.8,0, ,
       153,      28.8,0, ,     3.207,0, ,    31.345,0, ,     1.924,0, ,      29.0,0, ,
       154,      28.9,0, ,     3.194,0, ,    31.349,0, ,     1.945,0, ,      29.2,0, ,
       155,      29.1,0, ,     3.144,0, ,    31.369,0, ,     1.753,0, ,      29.4,0, ,
       156,      29.2,0, ,     3.119,0, ,    31.332,0, ,     1.732,0, ,      29.5,0, ,
       157,      29.4,0, ,     3.071,0, ,    31.291,0, ,     1.689,0, ,      29.7,0, ,
       158,      29.6,0, ,     2.936,0, ,    31.330,0, ,     1.860,0, ,      29.9,0, ,
       159,      29.8,0, ,     2.833,0, ,    31.348,0, ,     1.647,0, ,      30.1,0, ,
       160,      30.1,0, ,     2.733,0, ,    31.379,0, ,     1.711,0, ,      30.4,0, ,
       161,      30.3,0, ,     2.646,0, ,    31.410,0, ,     1.902,0, ,      30.6,0, ,
       162,      30.5,0, ,     2.577,0, ,    31.436,0, ,     2.009,0, ,      30.8,0, ,
       163,      30.8,0, ,     2.534,0, ,    31.446,0, ,     1.668,0, ,      31.1,0, ,
       164,      31.0,0, ,     2.517,0, ,    31.445,0, ,     1.753,0, ,      31.3,0, ,
       165,      31.2,0, ,     2.511,0, ,    31.444,0, ,     1.753,0, ,      31.5,0, ,
       166,      31.4,0, ,     2.497,0, ,    31.441,0, ,     1.689,0, ,      31.7,0, ,
       167,      31.6,0, ,     2.431,0, ,    31.473,0, ,     1.583,0, ,      31.9,0, ,
       168,      31.7,0, ,     2.405,0, ,    31.454,0, ,     1.583,0, ,      32.0,0, ,
       169,      31.9,0, ,     2.311,0, ,    31.504,0, ,     1.689,0, ,      32.2,0, ,
       170,      32.1,0, ,     2.242,0, ,    31.540,0, ,     1.540,0, ,      32.4,0, ,
       171,      32.3,0, ,     2.208,0, ,    31.551,0, ,     1.562,0, ,      32.6,0, ,
       172,      32.6,0, ,     2.180,0, ,    31.559,0, ,     1.476,0, ,      32.9,0, ,
       173,      32.8,0, ,     2.144,0, ,    31.572,0, ,     1.476,0, ,      33.1,0, ,
       174,      33.0,0, ,     2.111,0, ,    31.578,0, ,     1.476,0, ,      33.3,0, ,
       175,      33.2,0, ,     2.097,0, ,    31.572,0, ,     1.562,0, ,      33.5,0, ,
       176,      33.4,0, ,     2.085,0, ,    31.573,0, ,     1.476,0, ,      33.7,0, ,
       177,      33.6,0, ,     2.089,0, ,    31.563,0, ,     1.498,0, ,      33.9,0, ,
       178,      33.8,0, ,     2.042,0, ,    31.600,0, ,     1.583,0, ,      34.1,0, ,
       179,      34.0,0, ,     2.021,0, ,    31.602,0, ,     1.775,0, ,      34.3,0, ,
       180,      34.2,0, ,     2.013,0, ,    31.590,0, ,     1.391,0, ,      34.5,0, ,
       181,      34.4,0, ,     1.983,0, ,    31.602,0, ,     1.562,0, ,      34.7,0, ,
       182,      34.6,0, ,     1.954,0, ,    31.615,0, ,     1.625,0, ,      34.9,0, ,
       183,      34.8,0, ,     1.933,0, ,    31.621,0, ,     1.583,0, ,      35.1,0, ,
       184,      35.0,0, ,     1.903,0, ,    31.636,0, ,     1.540,0, ,      35.3,0, ,
       185,      35.2,0, ,     1.883,0, ,    31.642,0, ,     1.583,0, ,      35.5,0, ,
       186,      35.5,0, ,     1.868,0, ,    31.646,0, ,     1.562,0, ,      35.8,0, ,
       187,      35.7,0, ,     1.859,0, ,    31.649,0, ,     1.434,0, ,      36.0,0, ,
       188,      35.9,0, ,     1.860,0, ,    31.645,0, ,     1.519,0, ,      36.2,0, ,
       189,      36.1,0, ,     1.858,0, ,    31.644,0, ,     1.604,0, ,      36.4,0, ,
       190,      36.3,0, ,     1.861,0, ,    31.636,0, ,     1.455,0, ,      36.6,0, ,
       191,      36.5,0, ,     1.840,0, ,    31.651,0, ,     1.583,0, ,      36.8,0, ,
       192,      36.7,0, ,     1.818,0, ,    31.666,0, ,     1.647,0, ,      37.0,0, ,
       193,      36.9,0, ,     1.814,0, ,    31.661,0, ,     1.391,0, ,      37.2,0, ,
       194,      37.1,0, ,     1.790,0, ,    31.675,0, ,     1.476,0, ,      37.4,0, ,
       195,      37.3,0, ,     1.778,0, ,    31.676,0, ,     1.498,0, ,      37.6,0, ,
       196,      37.5,0, ,     1.769,0, ,    31.674,0, ,     1.455,0, ,      37.8,0, ,
       197,      37.7,0, ,     1.759,0, ,    31.669,0, ,     1.562,0, ,      38.0,0, ,
       198,      38.0,0, ,     1.749,0, ,    31.661,0, ,     1.498,0, ,      38.3,0, ,
       199,      38.2,0, ,     1.727,0, ,    31.664,0, ,     1.583,0, ,      38.5,0, ,
       200,      38.4,0, ,     1.698,0, ,    31.672,0, ,     1.583,0, ,      38.7,0, ,
       201,      38.6,0, ,     1.679,0, ,    31.671,0, ,     1.647,0, ,      38.9,0, ,
       202,      38.8,0, ,     1.661,0, ,    31.671,0, ,     1.434,0, ,      39.1,0, ,
       203,      39.0,0, ,     1.625,0, ,    31.694,0, ,     1.412,0, ,      39.3,0, ,
       204,      39.3,0, ,     1.592,0, ,    31.717,0, ,     1.476,0, ,      39.6,0, ,
       205,      39.5,0, ,     1.574,0, ,    31.726,0, ,     1.455,0, ,      39.8,0, ,
       206,      39.7,0, ,     1.565,0, ,    31.730,0, ,     1.583,0, ,      40.0,0, ,
       207,      39.9,0, ,     1.561,0, ,    31.731,0, ,     1.412,0, ,      40.2,0, ,
       208,      40.2,0, ,     1.567,0, ,    31.725,0, ,     1.476,0, ,      40.5,0, ,
       209,      40.3,0, ,     1.569,0, ,    31.721,0, ,     1.199,0, ,      40.7,0, ,
       210,      40.5,0, ,     1.567,0, ,    31.718,0, ,     1.242,0, ,      40.9,0, ,
       211,      40.7,0, ,     1.558,0, ,    31.717,0, ,     1.263,0, ,      41.1,0, ,
       212,      40.9,0, ,     1.538,0, ,    31.720,0, ,     1.391,0, ,      41.3,0, ,
       213,      41.1,0, ,     1.504,0, ,    31.729,0, ,     1.391,0, ,      41.5,0, ,
       214,      41.3,0, ,     1.469,0, ,    31.736,0, ,     1.391,0, ,      41.7,0, ,
       215,      41.6,0, ,     1.426,0, ,    31.749,0, ,     1.370,0, ,      42.0,0, ,
       216,      41.8,0, ,     1.385,0, ,    31.759,0, ,     1.519,0, ,      42.2,0, ,
       217,      42.0,0, ,     1.344,0, ,    31.767,0, ,     1.306,0, ,      42.4,0, ,
       218,      42.3,0, ,     1.296,0, ,    31.780,0, ,     1.583,0, ,      42.7,0, ,
       219,      42.5,0, ,     1.252,0, ,    31.796,0, ,     1.391,0, ,      42.9,0, ,
       220,      42.7,0, ,     1.237,0, ,    31.789,0, ,     1.242,0, ,      43.1,0, ,
       221,      42.9,0, ,     1.215,0, ,    31.793,0, ,     1.434,0, ,      43.3,0, ,
       222,      43.2,0, ,     1.176,0, ,    31.818,0, ,     1.242,0, ,      43.6,0, ,
       223,      43.4,0, ,     1.144,0, ,    31.840,0, ,     1.434,0, ,      43.8,0, ,
       224,      43.6,0, ,     1.131,0, ,    31.843,0, ,     1.306,0, ,      44.0,0, ,
       225,      43.9,0, ,     1.110,0, ,    31.851,0, ,     1.199,0, ,      44.3,0, ,
       226,      44.1,0, ,     1.089,0, ,    31.858,0, ,     1.242,0, ,      44.5,0, ,
       227,      44.3,0, ,     1.063,0, ,    31.868,0, ,     1.199,0, ,      44.7,0, ,
       228,      44.6,0, ,     1.041,0, ,    31.876,0, ,     1.178,0, ,      45.0,0, ,
       229,      44.8,0, ,     1.026,0, ,    31.880,0, ,     1.263,0, ,      45.2,0, ,
       230,      45.0,0, ,     1.014,0, ,    31.884,0, ,     1.327,0, ,      45.4,0, ,
       231,      45.3,0, ,     1.004,0, ,    31.886,0, ,     1.263,0, ,      45.7,0, ,
       232,      45.5,0, ,     0.995,0, ,    31.888,0, ,     1.178,0, ,      45.9,0, ,
       233,      45.8,0, ,     0.985,0, ,    31.891,0, ,     1.285,0, ,      46.2,0, ,
       234,      46.0,0, ,     0.980,0, ,    31.889,0, ,     1.221,0, ,      46.4,0, ,
       235,      46.3,0, ,     0.970,0, ,    31.892,0, ,     1.199,0, ,      46.7,0, ,
       236,      46.5,0, ,     0.958,0, ,    31.898,0, ,     1.178,0, ,      46.9,0, ,
       237,      46.7,0, ,     0.944,0, ,    31.906,0, ,     1.221,0, ,      47.1,0, ,
       238,      47.0,0, ,     0.934,0, ,    31.907,0, ,     1.306,0, ,      47.4,0, ,
       239,      47.2,0, ,     0.910,0, ,    31.925,0, ,     1.199,0, ,      47.6,0, ,
       240,      47.4,0, ,     0.891,0, ,    31.941,0, ,     1.285,0, ,      47.8,0, ,
       241,      47.7,0, ,     0.888,0, ,    31.945,0, ,     1.072,0, ,      48.1,0, ,
       242,      47.9,0, ,     0.882,0, ,    31.951,0, ,     1.242,0, ,      48.3,0, ,
       243,      48.2,0, ,     0.869,0, ,    31.963,0, ,     1.199,0, ,      48.6,0, ,
       244,      48.4,0, ,     0.862,0, ,    31.968,0, ,     1.178,0, ,      48.8,0, ,
       245,      48.7,0, ,     0.855,0, ,    31.971,0, ,     1.199,0, ,      49.1,0, ,
       246,      48.9,0, ,     0.852,0, ,    31.969,0, ,     1.199,0, ,      49.3,0, ,
       247,      49.1,0, ,     0.843,0, ,    31.971,0, ,     1.242,0, ,      49.5,0, ,
       248,      49.4,0, ,     0.826,0, ,    31.981,0, ,     1.199,0, ,      49.8,0, ,
       249,      49.6,0, ,     0.813,0, ,    31.987,0, ,     1.391,0, ,      50.0,0, ,
       250,      49.9,0, ,     0.809,0, ,    31.985,0, ,     1.221,0, ,      50.3,0, ,
       251,      50.1,0, ,     0.807,0, ,    31.982,0, ,     1.178,0, ,      50.5,0, ,
       252,      50.4,0, ,     0.799,0, ,    31.982,0, ,     1.093,0, ,      50.8,0, ,
       253,      50.6,0, ,     0.784,0, ,    31.990,0, ,     1.072,0, ,      51.0,0, ,
       254,      50.8,0, ,     0.771,0, ,    31.996,0, ,     1.199,0, ,      51.2,0, ,
       255,      51.1,0, ,     0.764,0, ,    31.998,0, ,     1.050,0, ,      51.5,0, ,
       256,      51.3,0, ,     0.759,0, ,    31.994,0, ,     1.178,0, ,      51.7,0, ,
       257,      51.6,0, ,     0.748,0, ,    31.994,0, ,     1.072,0, ,      52.0,0, ,
       258,      51.7,0, ,     0.733,0, ,    31.994,0, ,     1.072,0, ,      52.2,0, ,
       259,      52.0,0, ,     0.723,0, ,    31.988,0, ,     1.199,0, ,      52.5,0, ,
       260,      52.2,0, ,     0.710,0, ,    31.987,0, ,     0.965,0, ,      52.7,0, ,
       261,      52.5,0, ,     0.684,0, ,    32.000,0, ,     1.093,0, ,      53.0,0, ,
       262,      52.7,0, ,     0.652,0, ,    32.014,0, ,     1.114,0, ,      53.2,0, ,
       263,      53.0,0, ,     0.625,0, ,    32.023,0, ,     1.221,0, ,      53.5,0, ,
       264,      53.2,0, ,     0.604,0, ,    32.029,0, ,     1.242,0, ,      53.7,0, ,
       265,      53.5,0, ,     0.589,0, ,    32.035,0, ,     1.199,0, ,      54.0,0, ,
       266,      53.7,0, ,     0.582,0, ,    32.037,0, ,     1.199,0, ,      54.2,0, ,
       267,      54.0,0, ,     0.579,0, ,    32.036,0, ,     1.199,0, ,      54.5,0, ,
       268,      54.3,0, ,     0.577,0, ,    32.035,0, ,     1.114,0, ,      54.8,0, ,
       269,      54.6,0, ,     0.575,0, ,    32.033,0, ,     1.114,0, ,      55.1,0, ,
       270,      54.8,0, ,     0.568,0, ,    32.035,0, ,     0.986,0, ,      55.3,0, ,
       271,      55.1,0, ,     0.563,0, ,    32.035,0, ,     1.008,0, ,      55.6,0, ,
       272,      55.3,0, ,     0.556,0, ,    32.037,0, ,     1.050,0, ,      55.8,0, ,
       273,      55.5,0, ,     0.553,0, ,    32.031,0, ,     1.263,0, ,      56.0,0, ,
       274,      55.7,0, ,     0.545,0, ,    32.027,0, ,     1.072,0, ,      56.2,0, ,
       275,      56.0,0, ,     0.518,0, ,    32.044,0, ,     1.029,0, ,      56.5,0, ,
       276,      56.2,0, ,     0.489,0, ,    32.068,0, ,     0.986,0, ,      56.7,0, ,
       277,      56.5,0, ,     0.484,0, ,    32.079,0, ,     1.093,0, ,      57.0,0, ,
       278,      56.8,0, ,     0.487,0, ,    32.090,0, ,     1.242,0, ,      57.3,0, ,
       279,      57.1,0, ,     0.491,0, ,    32.098,0, ,     0.922,0, ,      57.6,0, ,
       280,      57.3,0, ,     0.491,0, ,    32.101,0, ,     1.050,0, ,      57.8,0, ,
       281,      57.6,0, ,     0.480,0, ,    32.110,0, ,     0.986,0, ,      58.1,0, ,
       282,      57.9,0, ,     0.479,0, ,    32.106,0, ,     1.114,0, ,      58.4,0, ,
       283,      58.1,0, ,     0.468,0, ,    32.109,0, ,     1.093,0, ,      58.6,0, ,
       284,      58.4,0, ,     0.460,0, ,    32.102,0, ,     0.944,0, ,      58.9,0, ,
       285,      58.6,0, ,     0.436,0, ,    32.107,0, ,     1.050,0, ,      59.1,0, ,
       286,      58.9,0, ,     0.393,0, ,    32.133,0, ,     0.880,0, ,      59.4,0, ,
       287,      59.1,0, ,     0.374,0, ,    32.139,0, ,     1.050,0, ,      59.6,0, ,
       288,      59.3,0, ,     0.369,0, ,    32.134,0, ,     0.986,0, ,      59.8,0, ,
       289,      59.6,0, ,     0.358,0, ,    32.136,0, ,     1.050,0, ,      60.1,0, ,
       290,      59.8,0, ,     0.343,0, ,    32.143,0, ,     1.008,0, ,      60.3,0, ,
       291,      60.1,0, ,     0.327,0, ,    32.153,0, ,     1.050,0, ,      60.6,0, ,
       292,      60.4,0, ,     0.321,0, ,    32.162,0, ,     1.029,0, ,      60.9,0, ,
       293,      60.6,0, ,     0.324,0, ,    32.170,0, ,     1.114,0, ,      61.1,0, ,
       294,      60.9,0, ,     0.337,0, ,    32.175,0, ,     1.093,0, ,      61.4,0, ,
       295,      61.1,0, ,     0.354,0, ,    32.184,0, ,     1.135,0, ,      61.6,0, ,
       296,      61.4,0, ,     0.382,0, ,    32.186,0, ,     1.093,0, ,      61.9,0, ,
       297,      61.6,0, ,     0.418,0, ,    32.180,0, ,     0.965,0, ,      62.1,0, ,
       298,      61.9,0, ,     0.440,0, ,    32.189,0, ,     1.135,0, ,      62.4,0, ,
       299,      62.1,0, ,     0.462,0, ,    32.197,0, ,     1.114,0, ,      62.6,0, ,
       300,      62.4,0, ,     0.495,0, ,    32.193,0, ,     1.008,0, ,      62.9,0, ,
       301,      62.6,0, ,     0.520,0, ,    32.186,0, ,     1.008,0, ,      63.1,0, ,
       302,      62.9,0, ,     0.508,0, ,    32.192,0, ,     1.029,0, ,      63.4,0, ,
       303,      63.0,0, ,     0.480,0, ,    32.189,0, ,     0.986,0, ,      63.6,0, ,
       304,      63.3,0, ,     0.431,0, ,    32.200,0, ,     1.029,0, ,      63.9,0, ,
       305,      63.5,0, ,     0.395,0, ,    32.209,0, ,     1.072,0, ,      64.1,0, ,
       306,      63.8,0, ,     0.376,0, ,    32.216,0, ,     1.050,0, ,      64.4,0, ,
       307,      64.1,0, ,     0.362,0, ,    32.230,0, ,     0.944,0, ,      64.7,0, ,
       308,      64.3,0, ,     0.358,0, ,    32.252,0, ,     1.157,0, ,      64.9,0, ,
       309,      64.6,0, ,     0.389,0, ,    32.257,0, ,     1.157,0, ,      65.2,0, ,
       310,      64.9,0, ,     0.434,0, ,    32.249,0, ,     1.008,0, ,      65.5,0, ,
       311,      65.1,0, ,     0.441,0, ,    32.257,0, ,     1.114,0, ,      65.7,0, ,
       312,      65.4,0, ,     0.442,0, ,    32.252,0, ,     0.986,0, ,      66.0,0, ,
       313,      65.6,0, ,     0.441,0, ,    32.245,0, ,     1.050,0, ,      66.2,0, ,
       314,      65.8,0, ,     0.425,0, ,    32.252,0, ,     0.965,0, ,      66.4,0, ,
       315,      66.1,0, ,     0.406,0, ,    32.260,0, ,     0.986,0, ,      66.7,0, ,
       316,      66.3,0, ,     0.389,0, ,    32.269,0, ,     1.050,0, ,      66.9,0, ,
       317,      66.6,0, ,     0.371,0, ,    32.281,0, ,     1.072,0, ,      67.2,0, ,
       318,      66.8,0, ,     0.354,0, ,    32.296,0, ,     0.965,0, ,      67.4,0, ,
       319,      67.1,0, ,     0.346,0, ,    32.305,0, ,     1.093,0, ,      67.7,0, ,
       320,      67.3,0, ,     0.349,0, ,    32.308,0, ,     1.050,0, ,      67.9,0, ,
       321,      67.6,0, ,     0.356,0, ,    32.313,0, ,     1.050,0, ,      68.2,0, ,
       322,      67.8,0, ,     0.365,0, ,    32.314,0, ,     1.008,0, ,      68.4,0, ,
       323,      68.1,0, ,     0.373,0, ,    32.315,0, ,     1.029,0, ,      68.7,0, ,
       324,      68.3,0, ,     0.377,0, ,    32.321,0, ,     0.944,0, ,      68.9,0, ,
       325,      68.6,0, ,     0.383,0, ,    32.326,0, ,     0.965,0, ,      69.2,0, ,
       326,      68.8,0, ,     0.390,0, ,    32.329,0, ,     1.029,0, ,      69.4,0, ,
       327,      69.1,0, ,     0.402,0, ,    32.325,0, ,     0.859,0, ,      69.7,0, ,
       328,      69.3,0, ,     0.411,0, ,    32.324,0, ,     0.859,0, ,      69.9,0, ,
       329,      69.6,0, ,     0.418,0, ,    32.324,0, ,     0.901,0, ,      70.2,0, ,
       330,      69.8,0, ,     0.424,0, ,    32.327,0, ,     0.859,0, ,      70.4,0, ,
       331,      70.1,0, ,     0.431,0, ,    32.328,0, ,     1.029,0, ,      70.7,0, ,
       332,      70.3,0, ,     0.442,0, ,    32.323,0, ,     0.922,0, ,      70.9,0, ,
       333,      70.6,0, ,     0.429,0, ,    32.337,0, ,     1.029,0, ,      71.2,0, ,
       334,      70.8,0, ,     0.418,0, ,    32.344,0, ,     1.029,0, ,      71.4,0, ,
       335,      71.1,0, ,     0.412,0, ,    32.345,0, ,     1.008,0, ,      71.7,0, ,
       336,      71.3,0, ,     0.394,0, ,    32.357,0, ,     1.093,0, ,      71.9,0, ,
       337,      71.6,0, ,     0.384,0, ,    32.367,0, ,     0.965,0, ,      72.2,0, ,
       338,      71.8,0, ,     0.386,0, ,    32.368,0, ,     1.029,0, ,      72.4,0, ,
       339,      72.1,0, ,     0.386,0, ,    32.371,0, ,     1.050,0, ,      72.7,0, ,
       340,      72.3,0, ,     0.386,0, ,    32.371,0, ,     0.986,0, ,      72.9,0, ,
       341,      72.6,0, ,     0.384,0, ,    32.373,0, ,     0.901,0, ,      73.2,0, ,
       342,      72.8,0, ,     0.381,0, ,    32.378,0, ,     0.986,0, ,      73.4,0, ,
       343,      73.0,0, ,     0.384,0, ,    32.379,0, ,     0.880,0, ,      73.6,0, ,
       344,      73.3,0, ,     0.386,0, ,    32.386,0, ,     1.242,0, ,      73.9,0, ,
       345,      73.5,0, ,     0.391,0, ,    32.390,0, ,     0.944,0, ,      74.1,0, ,
       346,      73.8,0, ,     0.395,0, ,    32.398,0, ,     1.050,0, ,      74.4,0, ,
       347,      74.0,0, ,     0.401,0, ,    32.407,0, ,     1.008,0, ,      74.6,0, ,
       348,      74.2,0, ,     0.412,0, ,    32.418,0, ,     1.050,0, ,      74.9,0, ,
       349,      74.4,0, ,     0.442,0, ,    32.416,0, ,     1.029,0, ,      75.1,0, ,
       350,      74.7,0, ,     0.471,0, ,    32.411,0, ,     1.029,0, ,      75.4,0, ,
       351,      74.9,0, ,     0.482,0, ,    32.415,0, ,     0.901,0, ,      75.6,0, ,
       352,      75.2,0, ,     0.484,0, ,    32.421,0, ,     1.050,0, ,      75.9,0, ,
       353,      75.4,0, ,     0.488,0, ,    32.425,0, ,     0.986,0, ,      76.1,0, ,
       354,      75.7,0, ,     0.491,0, ,    32.427,0, ,     0.837,0, ,      76.4,0, ,
       355,      75.9,0, ,     0.495,0, ,    32.427,0, ,     0.965,0, ,      76.6,0, ,
       356,      76.1,0, ,     0.495,0, ,    32.429,0, ,     1.050,0, ,      76.8,0, ,
       357,      76.4,0, ,     0.489,0, ,    32.434,0, ,     0.965,0, ,      77.1,0, ,
       358,      76.6,0, ,     0.481,0, ,    32.438,0, ,     1.029,0, ,      77.3,0, ,
       359,      76.8,0, ,     0.475,0, ,    32.442,0, ,     1.008,0, ,      77.5,0, ,
       360,      77.1,0, ,     0.470,0, ,    32.449,0, ,     0.965,0, ,      77.8,0, ,
       361,      77.3,0, ,     0.470,0, ,    32.452,0, ,     1.050,0, ,      78.0,0, ,
       362,      77.6,0, ,     0.473,0, ,    32.454,0, ,     0.965,0, ,      78.3,0, ,
       363,      77.8,0, ,     0.473,0, ,    32.461,0, ,     1.008,0, ,      78.5,0, ,
       364,      78.0,0, ,     0.477,0, ,    32.466,0, ,     1.029,0, ,      78.7,0, ,
       365,      78.3,0, ,     0.477,0, ,    32.475,0, ,     0.965,0, ,      79.0,0, ,
       366,      78.5,0, ,     0.482,0, ,    32.477,0, ,     0.944,0, ,      79.2,0, ,
       367,      78.8,0, ,     0.482,0, ,    32.485,0, ,     0.795,0, ,      79.5,0, ,
       368,      79.0,0, ,     0.488,0, ,    32.486,0, ,     0.944,0, ,      79.7,0, ,
       369,      79.3,0, ,     0.493,0, ,    32.489,0, ,     1.072,0, ,      80.0,0, ,
       370,      79.5,0, ,     0.497,0, ,    32.495,0, ,     0.986,0, ,      80.2,0, ,
       371,      79.8,0, ,     0.504,0, ,    32.500,0, ,     0.859,0, ,      80.5,0, ,
       372,      80.0,0, ,     0.512,0, ,    32.503,0, ,     1.008,0, ,      80.7,0, ,
       373,      80.2,0, ,     0.522,0, ,    32.504,0, ,     1.029,0, ,      80.9,0, ,
       374,      80.5,0, ,     0.527,0, ,    32.517,0, ,     1.008,0, ,      81.2,0, ,
       375,      80.7,0, ,     0.544,0, ,    32.517,0, ,     1.008,0, ,      81.4,0, ,
       376,      81.0,0, ,     0.558,0, ,    32.516,0, ,     0.986,0, ,      81.7,0, ,
       377,      81.2,0, ,     0.552,0, ,    32.525,0, ,     0.922,0, ,      81.9,0, ,
       378,      81.4,0, ,     0.549,0, ,    32.530,0, ,     0.922,0, ,      82.1,0, ,
       379,      81.7,0, ,     0.547,0, ,    32.535,0, ,     1.008,0, ,      82.4,0, ,
       380,      81.9,0, ,     0.549,0, ,    32.535,0, ,     1.008,0, ,      82.6,0, ,
       381,      82.1,0, ,     0.552,0, ,    32.535,0, ,     0.922,0, ,      82.8,0, ,
       382,      82.3,0, ,     0.555,0, ,    32.539,0, ,     1.050,0, ,      83.0,0, ,
       383,      82.6,0, ,     0.559,0, ,    32.549,0, ,     0.901,0, ,      83.3,0, ,
       384,      82.8,0, ,     0.573,0, ,    32.551,0, ,     0.901,0, ,      83.5,0, ,
       385,      83.0,0, ,     0.586,0, ,    32.554,0, ,     0.986,0, ,      83.7,0, ,
       386,      83.3,0, ,     0.591,0, ,    32.564,0, ,     0.986,0, ,      84.0,0, ,
       387,      83.5,0, ,     0.596,0, ,    32.576,0, ,     0.837,0, ,      84.2,0, ,
       388,      83.8,0, ,     0.617,0, ,    32.575,0, ,     1.008,0, ,      84.5,0, ,
       389,      84.1,0, ,     0.635,0, ,    32.573,0, ,     1.008,0, ,      84.8,0, ,
       390,      84.3,0, ,     0.643,0, ,    32.575,0, ,     1.008,0, ,      85.0,0, ,
       391,      84.5,0, ,     0.645,0, ,    32.577,0, ,     1.029,0, ,      85.2,0, ,
       392,      84.7,0, ,     0.646,0, ,    32.577,0, ,     0.880,0, ,      85.4,0, ,
       393,      85.0,0, ,     0.645,0, ,    32.580,0, ,     0.986,0, ,      85.7,0, ,
       394,      85.2,0, ,     0.645,0, ,    32.586,0, ,     0.880,0, ,      85.9,0, ,
       395,      85.3,0, ,     0.653,0, ,    32.590,0, ,     0.922,0, ,      86.1,0, ,
       396,      85.5,0, ,     0.664,0, ,    32.594,0, ,     0.965,0, ,      86.3,0, ,
       397,      85.8,0, ,     0.673,0, ,    32.598,0, ,     0.986,0, ,      86.6,0, ,
       398,      86.1,0, ,     0.680,0, ,    32.602,0, ,     0.859,0, ,      86.9,0, ,
       399,      86.3,0, ,     0.684,0, ,    32.606,0, ,     0.965,0, ,      87.1,0, ,
       400,      86.6,0, ,     0.684,0, ,    32.609,0, ,     0.901,0, ,      87.4,0, ,
       401,      86.8,0, ,     0.684,0, ,    32.610,0, ,     0.986,0, ,      87.6,0, ,
       402,      87.0,0, ,     0.684,0, ,    32.610,0, ,     0.880,0, ,      87.8,0, ,
       403,      87.3,0, ,     0.683,0, ,    32.611,0, ,     1.029,0, ,      88.1,0, ,
       404,      87.5,0, ,     0.683,0, ,    32.611,0, ,     0.944,0, ,      88.3,0, ,
       405,      87.7,0, ,     0.683,0, ,    32.610,0, ,     0.901,0, ,      88.5,0, ,
       406,      87.9,0, ,     0.678,0, ,    32.616,0, ,     1.029,0, ,      88.7,0, ,
       407,      88.2,0, ,     0.677,0, ,    32.619,0, ,     0.965,0, ,      89.0,0, ,
       408,      88.4,0, ,     0.679,0, ,    32.624,0, ,     1.050,0, ,      89.2,0, ,
       409,      88.7,0, ,     0.689,0, ,    32.625,0, ,     0.901,0, ,      89.5,0, ,
       410,      88.9,0, ,     0.692,0, ,    32.632,0, ,     1.008,0, ,      89.7,0, ,
       411,      89.1,0, ,     0.701,0, ,    32.630,0, ,     0.965,0, ,      89.9,0, ,
       412,      89.4,0, ,     0.703,0, ,    32.632,0, ,     1.050,0, ,      90.2,0, ,
       413,      89.6,0, ,     0.703,0, ,    32.633,0, ,     1.157,0, ,      90.4,0, ,
       414,      89.8,0, ,     0.703,0, ,    32.634,0, ,     0.880,0, ,      90.6,0, ,
       415,      90.0,0, ,     0.703,0, ,    32.638,0, ,     0.986,0, ,      90.8,0, ,
       416,      90.2,0, ,     0.703,0, ,    32.645,0, ,     0.880,0, ,      91.0,0, ,
       417,      90.4,0, ,     0.710,0, ,    32.651,0, ,     1.114,0, ,      91.2,0, ,
       418,      90.6,0, ,     0.720,0, ,    32.660,0, ,     0.965,0, ,      91.4,0, ,
       419,      90.9,0, ,     0.740,0, ,    32.662,0, ,     0.986,0, ,      91.7,0, ,
       420,      91.1,0, ,     0.755,0, ,    32.665,0, ,     1.008,0, ,      91.9,0, ,
       421,      91.3,0, ,     0.763,0, ,    32.669,0, ,     0.986,0, ,      92.1,0, ,
       422,      91.6,0, ,     0.764,0, ,    32.673,0, ,     0.922,0, ,      92.4,0, ,
       423,      91.8,0, ,     0.766,0, ,    32.671,0, ,     1.029,0, ,      92.6,0, ,
       424,      92.0,0, ,     0.766,0, ,    32.672,0, ,     0.986,0, ,      92.8,0, ,
       425,      92.3,0, ,     0.766,0, ,    32.676,0, ,     0.965,0, ,      93.1,0, ,
       426,      92.5,0, ,     0.768,0, ,    32.681,0, ,     0.986,0, ,      93.3,0, ,
       427,      92.7,0, ,     0.770,0, ,    32.689,0, ,     0.837,0, ,      93.5,0, ,
       428,      92.9,0, ,     0.779,0, ,    32.692,0, ,     0.901,0, ,      93.7,0, ,
       429,      93.1,0, ,     0.791,0, ,    32.697,0, ,     1.072,0, ,      93.9,0, ,
       430,      93.4,0, ,     0.801,0, ,    32.710,0, ,     0.986,0, ,      94.2,0, ,
       431,      93.6,0, ,     0.818,0, ,    32.723,0, ,     0.986,0, ,      94.4,0, ,
       432,      93.8,0, ,     0.839,0, ,    32.738,0, ,     0.922,0, ,      94.6,0, ,
       433,      94.1,0, ,     0.862,0, ,    32.753,0, ,     0.944,0, ,      94.9,0, ,
       434,      94.3,0, ,     0.892,0, ,    32.759,0, ,     1.050,0, ,      95.1,0, ,
       435,      94.6,0, ,     0.918,0, ,    32.763,0, ,     0.922,0, ,      95.4,0, ,
       436,      94.8,0, ,     0.929,0, ,    32.775,0, ,     0.901,0, ,      95.6,0, ,
       437,      95.0,0, ,     0.941,0, ,    32.780,0, ,     1.008,0, ,      95.8,0, ,
       438,      95.3,0, ,     0.952,0, ,    32.783,0, ,     1.050,0, ,      96.1,0, ,
       439,      95.5,0, ,     0.961,0, ,    32.789,0, ,     0.880,0, ,      96.3,0, ,
       440,      95.7,0, ,     0.974,0, ,    32.792,0, ,     1.008,0, ,      96.5,0, ,
       441,      95.9,0, ,     0.984,0, ,    32.795,0, ,     0.880,0, ,      96.7,0, ,
       442,      96.2,0, ,     0.995,0, ,    32.794,0, ,     1.029,0, ,      97.0,0, ,
       443,      96.4,0, ,     1.001,0, ,    32.796,0, ,     0.965,0, ,      97.2,0, ,
       444,      96.5,0, ,     1.005,0, ,    32.799,0, ,     0.859,0, ,      97.4,0, ,
       445,      96.7,0, ,     1.010,0, ,    32.804,0, ,     1.008,0, ,      97.6,0, ,
       446,      97.0,0, ,     1.015,0, ,    32.808,0, ,     0.944,0, ,      97.9,0, ,
       447,      97.2,0, ,     1.021,0, ,    32.812,0, ,     0.880,0, ,      98.1,0, ,
       448,      97.4,0, ,     1.026,0, ,    32.815,0, ,     0.901,0, ,      98.3,0, ,
       449,      97.7,0, ,     1.030,0, ,    32.820,0, ,     1.114,0, ,      98.6,0, ,
       450,      97.9,0, ,     1.036,0, ,    32.826,0, ,     0.922,0, ,      98.8,0, ,
       451,      98.1,0, ,     1.042,0, ,    32.831,0, ,     0.901,0, ,      99.0,0, ,
       452,      98.3,0, ,     1.051,0, ,    32.832,0, ,     0.880,0, ,      99.2,0, ,
       453,      98.6,0, ,     1.056,0, ,    32.836,0, ,     0.859,0, ,      99.5,0, ,
       454,      98.8,0, ,     1.062,0, ,    32.841,0, ,     0.859,0, ,      99.7,0, ,
       455,      99.0,0, ,     1.067,0, ,    32.845,0, ,     0.965,0, ,      99.9,0, ,
       456,      99.2,0, ,     1.074,0, ,    32.849,0, ,     0.944,0, ,     100.1,0, ,
       457,      99.4,0, ,     1.084,0, ,    32.850,0, ,     1.050,0, ,     100.3,0, ,
       458,      99.7,0, ,     1.092,0, ,    32.853,0, ,     0.965,0, ,     100.6,0, ,
       459,      99.9,0, ,     1.101,0, ,    32.853,0, ,     0.965,0, ,     100.8,0, ,
       460,     100.1,0, ,     1.105,0, ,    32.856,0, ,     1.093,0, ,     101.0,0, ,
       461,     100.4,0, ,     1.111,0, ,    32.857,0, ,     0.922,0, ,     101.3,0, ,
       462,     100.6,0, ,     1.111,0, ,    32.866,0, ,     0.965,0, ,     101.5,0, ,
       463,     100.8,0, ,     1.118,0, ,    32.867,0, ,     1.029,0, ,     101.7,0, ,
       464,     101.0,0, ,     1.125,0, ,    32.867,0, ,     0.922,0, ,     101.9,0, ,
       465,     101.3,0, ,     1.125,0, ,    32.871,0, ,     0.944,0, ,     102.2,0, ,
       466,     101.5,0, ,     1.128,0, ,    32.871,0, ,     0.880,0, ,     102.4,0, ,
       467,     101.7,0, ,     1.130,0, ,    32.875,0, ,     0.965,0, ,     102.6,0, ,
       468,     101.9,0, ,     1.137,0, ,    32.880,0, ,     0.922,0, ,     102.8,0, ,
       469,     102.1,0, ,     1.145,0, ,    32.884,0, ,     0.922,0, ,     103.0,0, ,
       470,     102.4,0, ,     1.152,0, ,    32.888,0, ,     0.837,0, ,     103.3,0, ,
       471,     102.6,0, ,     1.157,0, ,    32.892,0, ,     1.050,0, ,     103.5,0, ,
       472,     102.9,0, ,     1.161,0, ,    32.895,0, ,     1.093,0, ,     103.8,0, ,
       473,     103.1,0, ,     1.166,0, ,    32.896,0, ,     0.922,0, ,     104.0,0, ,
       474,     103.3,0, ,     1.169,0, ,    32.896,0, ,     0.922,0, ,     104.2,0, ,
       475,     103.6,0, ,     1.170,0, ,    32.899,0, ,     0.986,0, ,     104.5,0, ,
       476,     103.8,0, ,     1.169,0, ,    32.904,0, ,     0.901,0, ,     104.7,0, ,
       477,     104.0,0, ,     1.174,0, ,    32.904,0, ,     0.944,0, ,     104.9,0, ,
       478,     104.2,0, ,     1.180,0, ,    32.908,0, ,     0.986,0, ,     105.1,0, ,
       479,     104.4,0, ,     1.189,0, ,    32.912,0, ,     0.986,0, ,     105.3,0, ,
       480,     104.7,0, ,     1.204,0, ,    32.913,0, ,     0.837,0, ,     105.6,0, ,
       481,     104.9,0, ,     1.216,0, ,    32.917,0, ,     0.986,0, ,     105.8,0, ,
       482,     105.1,0, ,     1.226,0, ,    32.920,0, ,     1.135,0, ,     106.0,0, ,
       483,     105.3,0, ,     1.237,0, ,    32.922,0, ,     1.050,0, ,     106.2,0, ,
       484,     105.6,0, ,     1.243,0, ,    32.927,0, ,     1.029,0, ,     106.5,0, ,
       485,     105.8,0, ,     1.248,0, ,    32.935,0, ,     1.114,0, ,     106.7,0, ,
       486,     106.0,0, ,     1.253,0, ,    32.947,0, ,     1.072,0, ,     106.9,0, ,
       487,     106.2,0, ,     1.265,0, ,    32.953,0, ,     0.859,0, ,     107.1,0, ,
       488,     106.4,0, ,     1.277,0, ,    32.959,0, ,     0.965,0, ,     107.3,0, ,
       489,     106.6,0, ,     1.291,0, ,    32.963,0, ,     0.880,0, ,     107.5,0, ,
       490,     106.9,0, ,     1.303,0, ,    32.969,0, ,     0.944,0, ,     107.8,0, ,
       491,     107.1,0, ,     1.317,0, ,    32.970,0, ,     0.965,0, ,     108.0,0, ,
       492,     107.3,0, ,     1.329,0, ,    32.969,0, ,     0.944,0, ,     108.2,0, ,
       493,     107.5,0, ,     1.333,0, ,    32.971,0, ,     0.986,0, ,     108.5,0, ,
       494,     107.7,0, ,     1.332,0, ,    32.977,0, ,     1.029,0, ,     108.7,0, ,
       495,     107.9,0, ,     1.334,0, ,    32.977,0, ,     0.986,0, ,     108.9,0, ,
       496,     108.1,0, ,     1.336,0, ,    32.978,0, ,     0.880,0, ,     109.1,0, ,
       497,     108.3,0, ,     1.338,0, ,    32.982,0, ,     0.837,0, ,     109.3,0, ,
       498,     108.5,0, ,     1.343,0, ,    32.987,0, ,     0.965,0, ,     109.5,0, ,
       499,     108.8,0, ,     1.352,0, ,    32.992,0, ,     0.986,0, ,     109.8,0, ,
       500,     109.0,0, ,     1.361,0, ,    32.994,0, ,     1.008,0, ,     110.0,0, ,
       501,     109.2,0, ,     1.366,0, ,    33.001,0, ,     0.901,0, ,     110.2,0, ,
       502,     109.5,0, ,     1.374,0, ,    33.005,0, ,     0.901,0, ,     110.5,0, ,
       503,     109.7,0, ,     1.385,0, ,    33.006,0, ,     0.922,0, ,     110.7,0, ,
       504,     109.9,0, ,     1.392,0, ,    33.009,0, ,     0.965,0, ,     110.9,0, ,
       505,     110.2,0, ,     1.390,0, ,    33.017,0, ,     1.050,0, ,     111.2,0, ,
       506,     110.4,0, ,     1.395,0, ,    33.015,0, ,     1.050,0, ,     111.4,0, ,
       507,     110.6,0, ,     1.397,0, ,    33.015,0, ,     0.986,0, ,     111.6,0, ,
       508,     110.8,0, ,     1.398,0, ,    33.018,0, ,     0.986,0, ,     111.8,0, ,
       509,     111.0,0, ,     1.406,0, ,    33.016,0, ,     0.880,0, ,     112.0,0, ,
       510,     111.2,0, ,     1.407,0, ,    33.022,0, ,     0.944,0, ,     112.2,0, ,
       511,     111.4,0, ,     1.412,0, ,    33.027,0, ,     1.093,0, ,     112.4,0, ,
       512,     111.7,0, ,     1.423,0, ,    33.030,0, ,     0.965,0, ,     112.7,0, ,
       513,     111.9,0, ,     1.431,0, ,    33.036,0, ,     0.837,0, ,     112.9,0, ,
       514,     112.1,0, ,     1.441,0, ,    33.040,0, ,     0.901,0, ,     113.1,0, ,
       515,     112.4,0, ,     1.451,0, ,    33.045,0, ,     0.795,0, ,     113.4,0, ,
       516,     112.6,0, ,     1.456,0, ,    33.052,0, ,     0.965,0, ,     113.6,0, ,
       517,     112.8,0, ,     1.459,0, ,    33.057,0, ,     0.986,0, ,     113.8,0, ,
       518,     113.0,0, ,     1.464,0, ,    33.057,0, ,     0.922,0, ,     114.0,0, ,
       519,     113.2,0, ,     1.471,0, ,    33.057,0, ,     0.837,0, ,     114.2,0, ,
       520,     113.4,0, ,     1.482,0, ,    33.057,0, ,     0.880,0, ,     114.4,0, ,
       521,     113.7,0, ,     1.490,0, ,    33.062,0, ,     0.965,0, ,     114.7,0, ,
       522,     113.9,0, ,     1.499,0, ,    33.067,0, ,     1.072,0, ,     114.9,0, ,
       523,     114.1,0, ,     1.507,0, ,    33.075,0, ,     0.922,0, ,     115.1,0, ,
       524,     114.3,0, ,     1.518,0, ,    33.078,0, ,     0.944,0, ,     115.3,0, ,
       525,     114.5,0, ,     1.529,0, ,    33.077,0, ,     1.029,0, ,     115.5,0, ,
       526,     114.8,0, ,     1.536,0, ,    33.078,0, ,     0.986,0, ,     115.8,0, ,
       527,     115.0,0, ,     1.538,0, ,    33.080,0, ,     0.880,0, ,     116.0,0, ,
       528,     115.3,0, ,     1.540,0, ,    33.079,0, ,     1.029,0, ,     116.3,0, ,
       529,     115.5,0, ,     1.541,0, ,    33.079,0, ,     0.922,0, ,     116.5,0, ,
       530,     115.7,0, ,     1.542,0, ,    33.079,0, ,     1.008,0, ,     116.7,0, ,
       531,     115.9,0, ,     1.541,0, ,    33.080,0, ,     1.008,0, ,     116.9,0, ,
       532,     116.1,0, ,     1.541,0, ,    33.081,0, ,     1.050,0, ,     117.1,0, ,
       533,     116.3,0, ,     1.541,0, ,    33.083,0, ,     0.944,0, ,     117.3,0, ,
       534,     116.5,0, ,     1.543,0, ,    33.086,0, ,     1.072,0, ,     117.5,0, ,
       535,     116.8,0, ,     1.544,0, ,    33.097,0, ,     0.880,0, ,     117.8,0, ,
       536,     117.0,0, ,     1.559,0, ,    33.100,0, ,     0.880,0, ,     118.0,0, ,
       537,     117.2,0, ,     1.579,0, ,    33.098,0, ,     0.922,0, ,     118.2,0, ,
       538,     117.5,0, ,     1.585,0, ,    33.103,0, ,     1.008,0, ,     118.5,0, ,
       539,     117.7,0, ,     1.591,0, ,    33.102,0, ,     0.837,0, ,     118.7,0, ,
       540,     117.9,0, ,     1.590,0, ,    33.105,0, ,     0.944,0, ,     118.9,0, ,
       541,     118.1,0, ,     1.590,0, ,    33.105,0, ,     1.029,0, ,     119.1,0, ,
       542,     118.3,0, ,     1.587,0, ,    33.109,0, ,     0.944,0, ,     119.3,0, ,
       543,     118.4,0, ,     1.589,0, ,    33.114,0, ,     0.901,0, ,     119.5,0, ,
       544,     118.6,0, ,     1.595,0, ,    33.122,0, ,     1.008,0, ,     119.7,0, ,
       545,     118.8,0, ,     1.611,0, ,    33.129,0, ,     0.965,0, ,     119.9,0, ,
       546,     119.0,0, ,     1.635,0, ,    33.133,0, ,     1.135,0, ,     120.1,0, ,
       547,     119.3,0, ,     1.646,0, ,    33.141,0, ,     0.944,0, ,     120.4,0, ,
       548,     119.5,0, ,     1.657,0, ,    33.143,0, ,     0.986,0, ,     120.6,0, ,
       549,     119.8,0, ,     1.665,0, ,    33.144,0, ,     1.008,0, ,     120.9,0, ,
       550,     120.0,0, ,     1.668,0, ,    33.145,0, ,     1.157,0, ,     121.1,0, ,
       551,     120.2,0, ,     1.667,0, ,    33.146,0, ,     1.029,0, ,     121.3,0, ,
       552,     120.4,0, ,     1.665,0, ,    33.147,0, ,     0.901,0, ,     121.5,0, ,
       553,     120.6,0, ,     1.665,0, ,    33.147,0, ,     0.944,0, ,     121.7,0, ,
       554,     120.8,0, ,     1.666,0, ,    33.150,0, ,     1.029,0, ,     121.9,0, ,
       555,     121.0,0, ,     1.671,0, ,    33.152,0, ,     0.944,0, ,     122.1,0, ,
       556,     121.2,0, ,     1.686,0, ,    33.151,0, ,     1.029,0, ,     122.3,0, ,
       557,     121.4,0, ,     1.700,0, ,    33.158,0, ,     0.901,0, ,     122.5,0, ,
       558,     121.7,0, ,     1.714,0, ,    33.168,0, ,     1.008,0, ,     122.8,0, ,
       559,     121.9,0, ,     1.729,0, ,    33.173,0, ,     0.965,0, ,     123.0,0, ,
       560,     122.2,0, ,     1.741,0, ,    33.172,0, ,     1.072,0, ,     123.3,0, ,
       561,     122.4,0, ,     1.745,0, ,    33.173,0, ,     0.752,0, ,     123.5,0, ,
       562,     122.7,0, ,     1.747,0, ,    33.172,0, ,     0.944,0, ,     123.8,0, ,
       563,     122.9,0, ,     1.745,0, ,    33.174,0, ,     1.050,0, ,     124.0,0, ,
       564,     123.1,0, ,     1.745,0, ,    33.175,0, ,     0.901,0, ,     124.2,0, ,
       565,     123.3,0, ,     1.744,0, ,    33.177,0, ,     1.072,0, ,     124.4,0, ,
       566,     123.5,0, ,     1.745,0, ,    33.179,0, ,     1.093,0, ,     124.6,0, ,
       567,     123.8,0, ,     1.747,0, ,    33.181,0, ,     0.859,0, ,     124.9,0, ,
       568,     124.0,0, ,     1.751,0, ,    33.184,0, ,     0.965,0, ,     125.1,0, ,
       569,     124.2,0, ,     1.756,0, ,    33.188,0, ,     1.050,0, ,     125.3,0, ,
       570,     124.4,0, ,     1.764,0, ,    33.193,0, ,     0.944,0, ,     125.5,0, ,
       571,     124.6,0, ,     1.772,0, ,    33.195,0, ,     0.986,0, ,     125.7,0, ,
       572,     124.8,0, ,     1.782,0, ,    33.195,0, ,     0.986,0, ,     125.9,0, ,
       573,     125.1,0, ,     1.786,0, ,    33.196,0, ,     1.029,0, ,     126.2,0, ,
       574,     125.3,0, ,     1.791,0, ,    33.193,0, ,     1.135,0, ,     126.4,0, ,
       575,     125.6,0, ,     1.791,0, ,    33.193,0, ,     0.859,0, ,     126.7,0, ,
       576,     125.8,0, ,     1.789,0, ,    33.196,0, ,     1.008,0, ,     126.9,0, ,
       577,     126.0,0, ,     1.790,0, ,    33.196,0, ,     1.114,0, ,     127.1,0, ,
       578,     126.3,0, ,     1.790,0, ,    33.198,0, ,     1.050,0, ,     127.4,0, ,
       579,     126.5,0, ,     1.793,0, ,    33.198,0, ,     1.008,0, ,     127.6,0, ,
       580,     126.7,0, ,     1.797,0, ,    33.193,0, ,     0.986,0, ,     127.8,0, ,
       581,     126.9,0, ,     1.800,0, ,    33.189,0, ,     0.986,0, ,     128.0,0, ,
       582,     127.2,0, ,     1.802,0, ,    33.192,0, ,     1.050,0, ,     128.3,0, ,
       583,     127.4,0, ,     1.802,0, ,    33.198,0, ,     1.114,0, ,     128.5,0, ,
       584,     127.6,0, ,     1.802,0, ,    33.201,0, ,     1.072,0, ,     128.7,0, ,
       585,     127.8,0, ,     1.802,0, ,    33.205,0, ,     0.986,0, ,     128.9,0, ,
       586,     128.0,0, ,     1.808,0, ,    33.207,0, ,     1.050,0, ,     129.1,0, ,
       587,     128.3,0, ,     1.814,0, ,    33.209,0, ,     1.029,0, ,     129.4,0, ,
       588,     128.5,0, ,     1.821,0, ,    33.211,0, ,     1.135,0, ,     129.6,0, ,
       589,     128.7,0, ,     1.825,0, ,    33.214,0, ,     1.050,0, ,     129.8,0, ,
       590,     129.0,0, ,     1.830,0, ,    33.213,0, ,     0.837,0, ,     130.1,0, ,
       591,     129.2,0, ,     1.834,0, ,    33.210,0, ,     0.965,0, ,     130.3,0, ,
       592,     129.4,0, ,     1.833,0, ,    33.211,0, ,     1.008,0, ,     130.6,0, ,
       593,     129.6,0, ,     1.834,0, ,    33.209,0, ,     0.986,0, ,     130.8,0, ,
       594,     129.8,0, ,     1.831,0, ,    33.211,0, ,     1.135,0, ,     131.0,0, ,
       595,     130.1,0, ,     1.830,0, ,    33.211,0, ,     0.986,0, ,     131.3,0, ,
       596,     130.3,0, ,     1.830,0, ,    33.211,0, ,     0.901,0, ,     131.5,0, ,
       597,     130.5,0, ,     1.830,0, ,    33.211,0, ,     0.944,0, ,     131.7,0, ,
       598,     130.7,0, ,     1.831,0, ,    33.211,0, ,     0.965,0, ,     131.9,0, ,
       599,     131.0,0, ,     1.831,0, ,    33.211,0, ,     0.752,0, ,     132.2,0, ,
       600,     131.2,0, ,     1.833,0, ,    33.210,0, ,     1.050,0, ,     132.4,0, ,
       601,     131.4,0, ,     1.832,0, ,    33.214,0, ,     0.837,0, ,     132.6,0, ,
       602,     131.7,0, ,     1.834,0, ,    33.217,0, ,     0.944,0, ,     132.9,0, ,
       603,     131.9,0, ,     1.838,0, ,    33.219,0, ,     0.901,0, ,     133.1,0, ,
       604,     132.2,0, ,     1.843,0, ,    33.223,0, ,     0.837,0, ,     133.4,0, ,
       605,     132.4,0, ,     1.852,0, ,    33.229,0, ,     1.135,0, ,     133.6,0, ,
       606,     132.7,0, ,     1.857,0, ,    33.242,0, ,     1.135,0, ,     133.9,0, ,
       607,     132.9,0, ,     1.868,0, ,    33.244,0, ,     1.050,0, ,     134.1,0, ,
       608,     133.2,0, ,     1.877,0, ,    33.243,0, ,     1.157,0, ,     134.4,0, ,
       609,     133.4,0, ,     1.884,0, ,    33.245,0, ,     1.135,0, ,     134.6,0, ,
       610,     133.6,0, ,     1.892,0, ,    33.245,0, ,     0.816,0, ,     134.8,0, ,
       611,     133.8,0, ,     1.900,0, ,    33.248,0, ,     0.965,0, ,     135.0,0, ,
       612,     134.1,0, ,     1.912,0, ,    33.247,0, ,     1.072,0, ,     135.3,0, ,
       613,     134.3,0, ,     1.918,0, ,    33.250,0, ,     1.093,0, ,     135.5,0, ,
       614,     134.5,0, ,     1.923,0, ,    33.254,0, ,     0.880,0, ,     135.7,0, ,
       615,     134.8,0, ,     1.929,0, ,    33.262,0, ,     1.072,0, ,     136.0,0, ,
       616,     135.0,0, ,     1.937,0, ,    33.271,0, ,     1.050,0, ,     136.2,0, ,
       617,     135.3,0, ,     1.952,0, ,    33.271,0, ,     1.072,0, ,     136.5,0, ,
       618,     135.5,0, ,     1.963,0, ,    33.269,0, ,     1.242,0, ,     136.7,0, ,
       619,     135.7,0, ,     1.968,0, ,    33.270,0, ,     0.986,0, ,     136.9,0, ,
       620,     135.9,0, ,     1.973,0, ,    33.275,0, ,     1.050,0, ,     137.1,0, ,
       621,     136.2,0, ,     1.977,0, ,    33.286,0, ,     0.965,0, ,     137.4,0, ,
       622,     136.4,0, ,     1.996,0, ,    33.292,0, ,     1.029,0, ,     137.6,0, ,
       623,     136.6,0, ,     2.021,0, ,    33.306,0, ,     0.837,0, ,     137.8,0, ,
       624,     136.9,0, ,     2.051,0, ,    33.318,0, ,     0.859,0, ,     138.1,0, ,
       625,     137.1,0, ,     2.076,0, ,    33.333,0, ,     0.859,0, ,     138.3,0, ,
       626,     137.4,0, ,     2.109,0, ,    33.339,0, ,     1.114,0, ,     138.6,0, ,
       627,     137.6,0, ,     2.139,0, ,    33.336,0, ,     1.008,0, ,     138.8,0, ,
       628,     137.9,0, ,     2.146,0, ,    33.341,0, ,     1.114,0, ,     139.1,0, ,
       629,     138.1,0, ,     2.150,0, ,    33.342,0, ,     1.178,0, ,     139.3,0, ,
       630,     138.4,0, ,     2.150,0, ,    33.348,0, ,     1.157,0, ,     139.6,0, ,
       631,     138.6,0, ,     2.158,0, ,    33.347,0, ,     1.029,0, ,     139.8,0, ,
       632,     138.8,0, ,     2.167,0, ,    33.347,0, ,     0.773,0, ,     140.0,0, ,
       633,     139.1,0, ,     2.173,0, ,    33.352,0, ,     1.072,0, ,     140.3,0, ,
       634,     139.3,0, ,     2.182,0, ,    33.360,0, ,     1.050,0, ,     140.5,0, ,
       635,     139.6,0, ,     2.197,0, ,    33.361,0, ,     0.986,0, ,     140.8,0, ,
       636,     139.8,0, ,     2.207,0, ,    33.363,0, ,     1.135,0, ,     141.0,0, ,
       637,     140.1,0, ,     2.215,0, ,    33.362,0, ,     0.646,0, ,     141.3,0, ,
       638,     140.2,0, ,     2.215,0, ,    33.365,0, ,     1.157,0, ,     141.5,0, ,
       639,     140.4,0, ,     2.219,0, ,    33.362,0, ,     1.114,0, ,     141.7,0, ,
       640,     140.6,0, ,     2.219,0, ,    33.365,0, ,     1.135,0, ,     141.9,0, ,
       641,     140.9,0, ,     2.221,0, ,    33.371,0, ,     0.965,0, ,     142.2,0, ,
       642,     141.1,0, ,     2.231,0, ,    33.375,0, ,     1.135,0, ,     142.4,0, ,
       643,     141.3,0, ,     2.240,0, ,    33.387,0, ,     0.901,0, ,     142.6,0, ,
       644,     141.6,0, ,     2.266,0, ,    33.390,0, ,     1.135,0, ,     142.9,0, ,
       645,     141.8,0, ,     2.294,0, ,    33.393,0, ,     1.114,0, ,     143.1,0, ,
       646,     142.1,0, ,     2.313,0, ,    33.397,0, ,     0.986,0, ,     143.4,0, ,
       647,     142.4,0, ,     2.327,0, ,    33.396,0, ,     0.944,0, ,     143.7,0, ,
       648,     142.6,0, ,     2.326,0, ,    33.401,0, ,     1.050,0, ,     143.9,0, ,
       649,     142.9,0, ,     2.327,0, ,    33.400,0, ,     0.816,0, ,     144.2,0, ,
       650,     143.1,0, ,     2.325,0, ,    33.403,0, ,     1.178,0, ,     144.4,0, ,
       651,     143.3,0, ,     2.326,0, ,    33.406,0, ,     1.178,0, ,     144.6,0, ,
       652,     143.5,0, ,     2.332,0, ,    33.409,0, ,     1.178,0, ,     144.8,0, ,
       653,     143.7,0, ,     2.337,0, ,    33.412,0, ,     0.795,0, ,     145.0,0, ,
       654,     144.0,0, ,     2.344,0, ,    33.412,0, ,     1.285,0, ,     145.3,0, ,
       655,     144.2,0, ,     2.348,0, ,    33.412,0, ,     0.859,0, ,     145.5,0, ,
       656,     144.5,0, ,     2.350,0, ,    33.414,0, ,     0.816,0, ,     145.8,0, ,
       657,     144.7,0, ,     2.351,0, ,    33.415,0, ,     0.859,0, ,     146.0,0, ,
       658,     145.0,0, ,     2.353,0, ,    33.414,0, ,     1.029,0, ,     146.3,0, ,
       659,     145.3,0, ,     2.352,0, ,    33.416,0, ,     0.944,0, ,     146.6,0, ,
       660,     145.5,0, ,     2.354,0, ,    33.414,0, ,     1.178,0, ,     146.8,0, ,
       661,     145.7,0, ,     2.353,0, ,    33.416,0, ,     1.178,0, ,     147.0,0, ,
       662,     146.0,0, ,     2.355,0, ,    33.418,0, ,     1.093,0, ,     147.3,0, ,
       663,     146.2,0, ,     2.361,0, ,    33.420,0, ,     0.859,0, ,     147.5,0, ,
       664,     146.4,0, ,     2.365,0, ,    33.425,0, ,     0.795,0, ,     147.7,0, ,
       665,     146.6,0, ,     2.371,0, ,    33.430,0, ,     1.135,0, ,     147.9,0, ,
       666,     146.9,0, ,     2.380,0, ,    33.432,0, ,     1.178,0, ,     148.2,0, ,
       667,     147.1,0, ,     2.386,0, ,    33.437,0, ,     1.029,0, ,     148.4,0, ,
       668,     147.4,0, ,     2.398,0, ,    33.437,0, ,     0.709,0, ,     148.7,0, ,
       669,     147.7,0, ,     2.406,0, ,    33.439,0, ,     1.114,0, ,     149.0,0, ,
       670,     147.9,0, ,     2.408,0, ,    33.443,0, ,     1.135,0, ,     149.2,0, ,
       671,     148.2,0, ,     2.411,0, ,    33.444,0, ,     1.008,0, ,     149.5,0, ,
       672,     148.4,0, ,     2.414,0, ,    33.445,0, ,     1.242,0, ,     149.7,0, ,
       673,     148.7,0, ,     2.417,0, ,    33.446,0, ,     1.029,0, ,     150.0,0, ,
       674,     148.9,0, ,     2.422,0, ,    33.446,0, ,     1.008,0, ,     150.2,0, ,
       675,     149.2,0, ,     2.424,0, ,    33.450,0, ,     1.221,0, ,     150.5,0, ,
       676,     149.4,0, ,     2.429,0, ,    33.453,0, ,     1.008,0, ,     150.7,0, ,
       677,     149.7,0, ,     2.433,0, ,    33.458,0, ,     0.773,0, ,     151.0,0, ,
       678,     150.0,0, ,     2.437,0, ,    33.465,0, ,     1.050,0, ,     151.3,0, ,
       679,     150.2,0, ,     2.443,0, ,    33.472,0, ,     0.709,0, ,     151.5,0, ,
       680,     150.5,0, ,     2.451,0, ,    33.476,0, ,     1.135,0, ,     151.8,0, ,
       681,     150.7,0, ,     2.466,0, ,    33.471,0, ,     1.072,0, ,     152.0,0, ,
       682,     150.9,0, ,     2.474,0, ,    33.478,0, ,     0.837,0, ,     152.2,0, ,
       683,     151.1,0, ,     2.493,0, ,    33.479,0, ,     1.306,0, ,     152.5,0, ,
       684,     151.3,0, ,     2.506,0, ,    33.489,0, ,     0.837,0, ,     152.7,0, ,
       685,     151.6,0, ,     2.520,0, ,    33.500,0, ,     0.688,0, ,     153.0,0, ,
       686,     151.8,0, ,     2.541,0, ,    33.504,0, ,     1.029,0, ,     153.2,0, ,
       687,     152.0,0, ,     2.557,0, ,    33.509,0, ,     1.072,0, ,     153.4,0, ,
       688,     152.3,0, ,     2.571,0, ,    33.510,0, ,     0.795,0, ,     153.7,0, ,
       689,     152.6,0, ,     2.579,0, ,    33.513,0, ,     1.157,0, ,     154.0,0, ,
       690,     152.8,0, ,     2.580,0, ,    33.521,0, ,     1.135,0, ,     154.2,0, ,
       691,     153.1,0, ,     2.583,0, ,    33.523,0, ,     0.901,0, ,     154.5,0, ,
       692,     153.3,0, ,     2.589,0, ,    33.522,0, ,     0.859,0, ,     154.7,0, ,
       693,     153.5,0, ,     2.589,0, ,    33.528,0, ,     0.965,0, ,     154.9,0, ,
       694,     153.8,0, ,     2.598,0, ,    33.527,0, ,     1.008,0, ,     155.2,0, ,
       695,     154.0,0, ,     2.608,0, ,    33.527,0, ,     0.944,0, ,     155.4,0, ,
       696,     154.3,0, ,     2.612,0, ,    33.533,0, ,     0.646,0, ,     155.7,0, ,
       697,     154.5,0, ,     2.620,0, ,    33.535,0, ,     0.752,0, ,     155.9,0, ,
       698,     154.8,0, ,     2.627,0, ,    33.541,0, ,     1.072,0, ,     156.2,0, ,
       699,     155.0,0, ,     2.635,0, ,    33.546,0, ,     1.157,0, ,     156.4,0, ,
       700,     155.3,0, ,     2.645,0, ,    33.548,0, ,     0.752,0, ,     156.7,0, ,
       701,     155.5,0, ,     2.648,0, ,    33.555,0, ,     1.263,0, ,     156.9,0, ,
       702,     155.8,0, ,     2.652,0, ,    33.560,0, ,     1.050,0, ,     157.2,0, ,
       703,     156.0,0, ,     2.661,0, ,    33.561,0, ,     1.199,0, ,     157.4,0, ,
       704,     156.3,0, ,     2.670,0, ,    33.559,0, ,     0.965,0, ,     157.7,0, ,
       705,     156.5,0, ,     2.675,0, ,    33.559,0, ,     1.114,0, ,     157.9,0, ,
       706,     156.8,0, ,     2.681,0, ,    33.558,0, ,     1.221,0, ,     158.2,0, ,
       707,     157.0,0, ,     2.688,0, ,    33.555,0, ,     1.093,0, ,     158.4,0, ,
       708,     157.3,0, ,     2.689,0, ,    33.557,0, ,     1.029,0, ,     158.7,0, ,
       709,     157.5,0, ,     2.691,0, ,    33.557,0, ,     1.135,0, ,     158.9,0, ,
       710,     157.8,0, ,     2.691,0, ,    33.557,0, ,     1.114,0, ,     159.2,0, ,
       711,     158.0,0, ,     2.691,0, ,    33.559,0, ,     0.965,0, ,     159.4,0, ,
       712,     158.2,0, ,     2.692,0, ,    33.558,0, ,     0.709,0, ,     159.6,0, ,
       713,     158.5,0, ,     2.692,0, ,    33.559,0, ,     1.242,0, ,     159.9,0, ,
       714,     158.7,0, ,     2.693,0, ,    33.559,0, ,     1.135,0, ,     160.1,0, ,
       715,     158.9,0, ,     2.695,0, ,    33.559,0, ,     0.837,0, ,     160.3,0, ,
       716,     159.2,0, ,     2.696,0, ,    33.562,0, ,     1.263,0, ,     160.6,0, ,
       717,     159.4,0, ,     2.700,0, ,    33.564,0, ,     0.922,0, ,     160.8,0, ,
       718,     159.7,0, ,     2.705,0, ,    33.564,0, ,     1.093,0, ,     161.1,0, ,
       719,     159.9,0, ,     2.709,0, ,    33.562,0, ,     1.242,0, ,     161.3,0, ,
       720,     160.2,0, ,     2.710,0, ,    33.563,0, ,     1.093,0, ,     161.6,0, ,
       721,     160.5,0, ,     2.710,0, ,    33.563,0, ,     1.157,0, ,     161.9,0, ,
       722,     160.7,0, ,     2.710,0, ,    33.564,0, ,     1.157,0, ,     162.1,0, ,
       723,     160.9,0, ,     2.709,0, ,    33.566,0, ,     0.944,0, ,     162.3,0, ,
       724,     161.1,0, ,     2.710,0, ,    33.567,0, ,     0.965,0, ,     162.5,0, ,
       725,     161.3,0, ,     2.712,0, ,    33.569,0, ,     1.221,0, ,     162.7,0, ,
       726,     161.6,0, ,     2.716,0, ,    33.571,0, ,     1.285,0, ,     163.0,0, ,
       727,     161.7,0, ,     2.721,0, ,    33.574,0, ,     1.178,0, ,     163.2,0, ,
       728,     161.9,0, ,     2.725,0, ,    33.575,0, ,     1.072,0, ,     163.4,0, ,
       729,     162.2,0, ,     2.730,0, ,    33.574,0, ,     1.050,0, ,     163.7,0, ,
       730,     162.4,0, ,     2.732,0, ,    33.576,0, ,     0.880,0, ,     163.9,0, ,
       731,     162.7,0, ,     2.734,0, ,    33.579,0, ,     1.221,0, ,     164.2,0, ,
       732,     163.0,0, ,     2.741,0, ,    33.578,0, ,     0.965,0, ,     164.5,0, ,
       733,     163.2,0, ,     2.743,0, ,    33.578,0, ,     1.050,0, ,     164.7,0, ,
       734,     163.5,0, ,     2.742,0, ,    33.581,0, ,     1.008,0, ,     165.0,0, ,
       735,     163.7,0, ,     2.742,0, ,    33.581,0, ,     0.986,0, ,     165.2,0, ,
       736,     164.0,0, ,     2.743,0, ,    33.580,0, ,     0.731,0, ,     165.5,0, ,
       737,     164.2,0, ,     2.740,0, ,    33.584,0, ,     1.029,0, ,     165.7,0, ,
       738,     164.4,0, ,     2.744,0, ,    33.581,0, ,     1.178,0, ,     165.9,0, ,
       739,     164.7,0, ,     2.747,0, ,    33.579,0, ,     1.135,0, ,     166.2,0, ,
       740,     164.9,0, ,     2.749,0, ,    33.580,0, ,     0.986,0, ,     166.4,0, ,
       741,     165.2,0, ,     2.750,0, ,    33.581,0, ,     1.093,0, ,     166.7,0, ,
       742,     165.4,0, ,     2.751,0, ,    33.580,0, ,     1.135,0, ,     166.9,0, ,
       743,     165.7,0, ,     2.749,0, ,    33.583,0, ,     1.114,0, ,     167.2,0, ,
       744,     165.9,0, ,     2.750,0, ,    33.583,0, ,     1.135,0, ,     167.4,0, ,
       745,     166.2,0, ,     2.750,0, ,    33.586,0, ,     1.029,0, ,     167.7,0, ,
       746,     166.5,0, ,     2.751,0, ,    33.589,0, ,     1.072,0, ,     168.0,0, ,
       747,     166.7,0, ,     2.751,0, ,    33.593,0, ,     0.986,0, ,     168.2,0, ,
       748,     166.9,0, ,     2.757,0, ,    33.593,0, ,     1.050,0, ,     168.4,0, ,
       749,     167.2,0, ,     2.761,0, ,    33.596,0, ,     0.965,0, ,     168.7,0, ,
       750,     167.4,0, ,     2.767,0, ,    33.599,0, ,     1.029,0, ,     168.9,0, ,
       751,     167.6,0, ,     2.773,0, ,    33.603,0, ,     1.008,0, ,     169.1,0, ,
       752,     167.8,0, ,     2.784,0, ,    33.602,0, ,     1.093,0, ,     169.3,0, ,
       753,     168.1,0, ,     2.792,0, ,    33.602,0, ,     1.029,0, ,     169.6,0, ,
       754,     168.3,0, ,     2.796,0, ,    33.605,0, ,     1.008,0, ,     169.8,0, ,
       755,     168.5,0, ,     2.802,0, ,    33.607,0, ,     1.157,0, ,     170.0,0, ,
       756,     168.6,0, ,     2.809,0, ,    33.609,0, ,     1.178,0, ,     170.1,0, ,
       757,     168.8,0, ,     2.812,0, ,    33.613,0, ,     1.199,0, ,     170.3,0, ,
       758,     168.9,0, ,     2.813,0, ,    33.613,0, ,     1.349,0, ,     170.4,0, ,
       759,     169.1,0, ,     2.823,0, ,    33.605,0, ,     1.093,0, ,     170.6,0, ,
       760,     169.2,0, ,     2.823,0, ,    33.608,0, ,     1.008,0, ,     170.7,0, ,
       761,     169.3,0, ,     2.833,0, ,    33.617,0, ,     0.944,0, ,     170.8,0, ,